
## SQL指令

- 连接指令：`mysql -u 用户名 -p 密码 -h host -P 端口`
### 数据库操作
```mysql
creat database [if not exists] 数据库名 [character set utf8]; -- 创建数据库

show databases; -- 查看所有数据库
show create database go10; -- 查看某一个数据库的创建信息

alter database db_name [character set xxx] --修改数据库字符集

drop database go10; -- 删除数据库

use 数据库名; -- 进入数据库
select database(); -- 查看当前使用的数据库

```

### 数据表操作

####  创建表结构
```mysql
create table table_name (
	字段1 类型 [约束], -- 注释
	字段2 类型 [约束]
)

create table user (
	name varchar(5) not null,
	age int default,
	birth date,
	salary decimal(8,2)   -- 999999.99
);
```

#### 查看表结构
```mysql
show tables; -- 查看所有表
show create table user; -- 查看某一张表的创建信息

desc user -- 查看某一张表的结构
drop table user; -- 删除表结构

-- 修改表结构
1. 添加一个字段
	1. alter table user add gender varchar(32) not null after age; -- 放在age后面
2. 删除一个字段
	1. alter table user drop gender
3. 修改字段类型
	1. alter table user modify gender int;
RENAME
CHANGE



select * from user-- 查看表记录
```
### 表记录操作

#### 添加记录
```mysql
1. 添加记录：insert ... values 语句
	1. insert 表名 () values ();
	2. insert 表名 (字段1,字段2,字段3) values (字段1的值,字段2的值,字段3的值);
	3. 批量插入
	insert 表名 (字段1,字段2,字段3) values (字段1的值,字段2的值,字段3的值),
										 (字段1的值,字段2的值,字段3的值),
										 (字段1的值,字段2的值,字段3的值),
										 (字段1的值,字段2的值,字段3的值);
```

#### 查询记录
```mysql
select * from 表名称; -- 效率很低 *要先找一下所有的字段
select name, city from emp;



```

##### Where语句
```mysql
/*
select 字段1，字段2，from 表名
	where 条件
*/

select * from emp where age>24;
select * from emp where age between 20 and 30;
select * from emp where salary in (600,1000,300000);
select * from emp where (age <25) and (salary>5000);

select * from emp where name like 'a%';  -- %代表多个字符 _代表一个字符
select * from emp where name REGEXP "^a.*?n"; -- 正则
```
##### order与limit语句
```mysql

-- order by
select * from emp order by age; -- 按照字段age排序
select * from emp order by age desc ; -- desc 降序 asc 升序
select * from emp order by age desc,salary asc; -- 先按照age降序排列，age一样的按照salary升序排列


-- limit 网页的分页操作
select * from emp where salary >2000;
select * from emp where salary > 2000 limit 3; -- 拿前3条
select * from emp where salary > 2000 limit 5,2; -- 略过前5条取两条

```

##### 分组语句Group by
```mysql
-- 每一个部门的平均薪资
select dep 
from emp 
group by dep; -- 分组之后不能用*查询

select dep,avg(salary),max(age) 
from emp 
group by dep; -- 分组后 组内的平均薪资avg ，最大年龄max，count数量,sum总和


-- 男女个数（按男女分组）
select gender, count(*)
from emp 
group by gender;


-- group_concat(name) ; 每个组名字拼接给我
select dep,group_concat(name) 
from emp 
group by dep;

-- distinct 去重
select distinct name,age* from emp;
```

##### Having语句
- Having用于分组后的条件过滤
- where用于分组前的条件过滤
```mysql
-- 平均薪资大于8000的部分
select dep ,avg(salary) as svg_salary
from emp
group by dep
having svg_salary >8000;
```

#### 更新记录
```mysql
-- 把年龄大于30的人薪资全部改成20000
update emp 
set salary=20000
where age>30;
```

#### 删除记录
```mysql
-- 把薪资大于20000 和年龄>29的全部删除
delete from emp
where salary=20000 or age>29;
```



### 表的关联关系

#### 建立关联关系的意义
1. 一对多：==在多的表中建立一个关联字段==
```bash
书籍管理系统

Book表

id titile   price
1  红与黑    199  
2  傲慢与偏见 299  

我还想存出版社和出版社地址，这样就会存很多重复的数据

Publish表
id publish  publish_addr publish_email
1  清华出版社  北京         xxx@qq.com
2  北大出版社  北京

一个出版社对应多本书 （多本书对应一个出版社）

一对多：在多的表中建立一个关联字段

Book表 (建立一个关联字段)

id titile   price publish_id
1  红与黑    199     2
2  傲慢与偏见 299     2


```
2. 多对多: ==创建关联表（id、 两个关联字段）==
```bash
Book表

id titile   price
1  红与黑    199  
2  傲慢与偏见 299  


Author表
id name age tel
1  yuan 23  110
2  rain 24  911

一本书可以有多个作者，一个作者也可以出版多本书
多对多: 创建关联表（id、 两个关联字段）

Book2Author关联表
id book_id author_id
1  1       1
2  1       2
3  2       3
```
3. 一对一: ==在任意表中建立关联字段，关联字段保证唯一性==
```bash
Author表
id name age tel
1  yuan 23  110
2  rain 24  911


Author还有hobby addr 但是不重要，我可以重新拆一个表存不重要的数据

Author表(关联字段)
id name age ad_id
1  yuan 23  1
2  rain 24  2

AuthorDetail表

id tel hobby gf   addr
1  110 girl  铁锤  北京
2  911 tea   钢蛋  山西
```
#### 一对多

```sql 
-- 书籍表
CREATE TABLE book(
id INT PRIMARY KEY AUTO_INCREMENT,
title VARCHAR(32),
price DOUBLE(5,2),    
pub_id INT NOT NULL
)ENGINE=INNODB CHARSET=utf8;


-- 出版社表
CREATE TABLE publisher(
id INT PRIMARY KEY AUTO_INCREMENT,
name VARCHAR(32),
email VARCHAR(32),
addr VARCHAR(32)
)ENGINE=INNODB CHARSET=utf8;

-- 插入数据
INSERT INTO book(title,price,pub_id) VALUES
('西游记',15,1),
('三国演义',45,2),
('红楼梦',66,3),
('水浒传',21,2),
('红与黑',67,3),
('乱世佳人',44,6),
('飘',56,1),
('放风筝的人',78,3);

INSERT INTO publisher(id,name,email,addr) VALUES
(1,'清华出版社',"123","bj"),
(2,'北大出版社',"234","bj"),
(3,'机械工业出版社',"345","nj"),
(4,'邮电出版社',"456","nj"),
(5,'电子工业出版社',"567","bj"),
(6,'人民大学出版社',"678","bj");
```

```sql 
mysql> select * from book;
+----+------------+-------+--------+
| id | title      | price | pub_id |
+----+------------+-------+--------+
|  1 | 西游记     | 15.00 |      1 |
|  2 | 三国演义   | 45.00 |      2 |
|  3 | 红楼梦     | 66.00 |      3 |
|  4 | 水浒传     | 21.00 |      2 |
|  5 | 红与黑     | 67.00 |      3 |
|  6 | 乱世佳人   | 44.00 |      6 |
|  7 | 飘         | 56.00 |      1 |
|  8 | 放风筝的人 | 78.00 |      3 |
+----+------------+-------+--------+
8 rows in set (0.00 sec)

mysql> select * from publisher;
+----+----------------+-------+------+
| id | name           | email | addr |
+----+----------------+-------+------+
|  1 | 清华出版社     | 123   | bj   |
|  2 | 北大出版社     | 234   | bj   |
|  3 | 机械工业出版社 | 345   | nj   |
|  4 | 邮电出版社     | 456   | nj   |
|  5 | 电子工业出版社 | 567   | bj   |
|  6 | 人民大学出版社 | 678   | bj   |
+----+----------------+-------+------+
6 rows in set (0.00 sec)
```

#### 多对多

```sql 
-- 作者表
CREATE TABLE author(
id INT PRIMARY KEY AUTO_INCREMENT,
NAME VARCHAR(32) NOT NULL
)ENGINE=INNODB CHARSET=utf8;

-- 作者表和书籍表的多对多关系表
CREATE TABLE book2author(
id INT NOT NULL UNIQUE AUTO_INCREMENT,
author_id INT NOT NULL,
book_id INT NOT NULL
)ENGINE=INNODB CHARSET=utf8;

-- 插入数据

INSERT INTO author(NAME) VALUES
('yuan'),
('rain'),
('alvin'),
('eric');

-- 插入关系数据
INSERT INTO book2author(author_id,book_id) VALUES
(1,1),
(1,2),
(2,1),
(3,3),
(3,4),
(1,3);
```


#### 一对一

> 场景：
>
> 1. 一个系统必然有 Employee（员工表）（包含字段：EmployeeId、姓名、性别、年龄、电话、地址等），每个员工都为一个用户，所以还有张 User 表（包含字段：UserId（关联 EmployeeId）、用户名、密码、角色等），这样你会发现，整合为一张表是否不太妥当？因为，User 的记录只会在登录时用到，感觉有点违背三大范式中的“**确保每列都和主键列直接关联，而不是间接关联**”。
> 2. 还有种情况，这就要根据具体的业务来决定了。如果，当一张表的字段过于太多，而很多字段可能只有在某些情况下，才会使用到，这时也可以考虑使用一对一设计。

在我们这个例子中，比如，作者表可以有一张一对一的作者详细信息表。

````sql 
CREATE TABLE authorDetail(
id INT PRIMARY KEY AUTO_INCREMENT,
tel VARCHAR(32),
addr VARCHAR(32),
author_id INT NOT NULL unique -- 也可以给author添加一个关联字段：   alter table author add authorDetail_id INT NOT NULL
)ENGINE=INNODB CHARSET=utf8;

-- 插入数据
INSERT INTO authorDetail(tel,addr,author_id) VALUES
("110","北京",1),
("911","成都",2),
("119","上海",3),
("111","广州",4);

````

> 区别于一对多，关联字段加唯一约束！ 


### 关联查询


#### 一对多关联查询
##### 子查询

子查询是 MySQL 中比较常用的查询方法，通过子查询可以实现多表关联查询。子查询指将一个查询语句嵌套在另一个查询语句中。
```sql 
-- 查询乱世佳人的出版社名称
 select pub_id from book where title="乱世佳人";
 select name from publisher where id = 6;

-- 查询清华出版社出版所有书籍名称
select id from publisher where name="清华出版社";
select id,title from book where pub_id = 1;

-- 查询西游记的作者名字
select id from book where title="西游记";
select author_id from book2author where book_id=1;
select name from author where id in (1,2);
```


##### 笛卡尔积
```mysql
select * from book,publisher where book.pub_id = publisher.id
```

##### Inner Join语句
> 
```mysql
select * from book
	inner join publisher on book.pub_id =publisher.id
	where book.title="三国演义"
```


#### 多对多关联查询
1. `inner join`: 连接表中连接字段为空的无法显示(如果书没有对应的作者 则就显示不出来了)
```mysql
-- 出版西游记的作者名字
select author.name 
from book 
	inner join book2author on book.id = book2author.book_id   -- book 和book2author拼接起来
	inner join author on author.id = book2author.author_id -- 将author 也拼接进去
	where book.title="西游记"


-- 查询每一本书的作者的个数 且 作者个数>1    //每 -- 分组
select book.title,count(*) as author_count
from book
	inner join book2author on book.id = book2author.book_id   -- book 和book2author拼接起来
	inner join author on author.id = book2author.author_id -- 将author 也拼接进去
	group by book.title
	having author_count>1


```
2. `left join`：以左边的表为主，如果没有匹配成功，则以左边的表为主，补充null
```mysql
-- 查询每一本书的作者的个数    //每 -- 分组
select book.title,count(author.NAME) as author_count  -- 这里count如果用*,即使这个书没有记录也会被查询为1，因为count(*)关心这个记录的出现的次数
from book
	left join book2author on book.id = book2author.book_id   -- book 和book2author拼接起来
	left join author on author.id = book2author.author_id -- 将author 也拼接进去
	group by book.title
```


## 约束

约束是一种限制，它通过限制表中的数据，来确保数据的完整性和唯一性。使用约束来限定表中的数据很多情况下是很有必要的。在 MySQL 中，约束是指对表中数据的一种约束，能够帮助数据库管理员更好地管理数据库，并且能够确保数据库中数据的正确性和有效性。例如，在数据表中存放年龄的值时，如果存入 200、300 这些无效的值就毫无意义了。因此，使用约束来限定表中的数据范围是很有必要的。

在 MySQL 中，主要支持以下 6 种约束：

### 主键约束

#### 主键约束

主键约束是使用最频繁的约束。在设计数据表时，一般情况下，都会要求表中设置一个主键。主键是表的一个特殊字段，该字段能唯一标识该表中的每条信息。

```sql 
-- 方式1

CREATE TABLE t1(
  id INT PRIMARY KEY AUTO_INCREMENT,
  name VARCHAR(20)
);

-- 方式2

CREATE TABLE t2(
  id INT NOT NULL,
  name VARCHAR(20)
);
```

> 1、一张表中最多只能有一个主键
>
> 2、表中如果没有设置主键，默认设置NOT NULL的字段为主键；此外，表中如果有多个NOT NULL的字段，则按顺序将第一个设置NOT NULL的字段设为主键。所以主键一定是非空且唯一，但非空且唯一的字段不一定是主键。
>
> 3、主键类型不一定必须是整型

#### 添加删除主键

```sql 
 alter table t2 add primary key(id);
 alter table t2 drop primary key;
 alter table t2 add primary key(name);
```

#### 复合(联合)主键

所谓的复合主键 就是指你表的主键含有一个以上的字段。

所谓的联合主键，就是这个主键是由一张表中多个字段组成的。

比如，设置学生选课数据表时，使用学生编号做主键还是用课程编号做主键呢？如果用学生编号做主键，那么一个学生就只能选择一门课程。如果用课程编号做主键，那么一门课程只能有一个学生来选。显然，这两种情况都是不符合实际情况的。

实际上设计学生选课表，要限定的是一个学生只能选择同一课程一次。因此，学生编号和课程编号可以放在一起共同作为主键，这也就是联合主键了。

```sql 
-- ①创建时：

create table sc (
    studentid int,
    courseid int,
    score int,
primary key (studentid,courseid)
);        
-- ②修改时：
alter table tb_name add primary key (字段1,字段2,字段3);
```

#### 主键自增约束

当主键定义为自增长后，这个主键的值就不再需要用户输入数据了，而由数据库系统根据定义自动赋值。每增加一条记录，主键会自动以相同的步长进行增长。

通过给字段添加` AUTO_INCREMENT `属性来实现主键自增长

```sql 
 CREATE TABLE t1(
    id INT(4) PRIMARY KEY AUTO_INCREMENT,
    name VARCHAR(25) 
    );
```

### 唯一约束

唯一约束（Unique Key）是指所有记录中字段的值不能重复出现。例如，为 id 字段加上唯一性约束后，每条记录的 id 值都是唯一的，不能出现重复的情况。

#### 创建约束

例如，在用户信息表中，要避免表中的用户名重名，就可以把用户名列设置为唯一约束。

```sql 
 CREATE TABLE user(
    id INT(11) PRIMARY KEY,
    name VARCHAR(22) UNIQUE
    );
    
INSERT user (id,name) values (1,"yuan"),(2,"rain");   
INSERT user (id,name) values (3,"alvin"),(4,"alvin");
-- ERROR 1062 (23000): Duplicate entry 'alvin' for key 'name'
```

#### 改表时添加删除唯一约束

````sql 
ALTER TABLE <表名> DROP INDEX <唯一约束名>;  -- 删除唯一约束
ALTER TABLE <数据表名> ADD CONSTRAINT <唯一约束名> UNIQUE(<列名>);  -- 添加唯一约束
````

````sql 
ALTER TABLE user  DROP INDEX name;
ALTER TABLE user ADD CONSTRAINT NAME_INDEX UNIQUE(name);
````

### 非空约束

非空约束用来约束表中的字段不能为空。比如，在用户信息表中，如果不添加用户名，那么这条用户信息就是无效的，这时就可以为用户名字段设置非空约束。

创建表时可以使用`NOT NULL`关键字设置非空约束

```sql 
 CREATE TABLE user(
    id INT(11) PRIMARY KEY,
    name VARCHAR(22) UNIQUE NOT NULL
    );
```

添加和删除非空约束：

````sql 
-- 删除非空约束
ALTER TABLE <数据表名>
CHANGE COLUMN <字段名> <字段名> <数据类型> NULL;
ALTER TABLE user CHANGE COLUMN name name varchar(32) NULL;
-- 添加非空约束
ALTER TABLE <数据表名>
CHANGE COLUMN <字段名> <字段名> <数据类型> NOT NULL;
ALTER TABLE user CHANGE COLUMN name name varchar(32) NOT NULL;
````

### 默认值约束

默认值约束用来约束当数据表中某个字段不输入值时，自动为其添加一个已经设置好的值。

创建表时可以使用`DEFAULT`关键字设置默认值约束

````sql 
 CREATE TABLE stu(
    id INT(11) PRIMARY KEY,
    name VARCHAR(22) UNIQUE NOT NULL,
    gender VARCHAR(22) DEFAULT "male"
    );
````

添加和删除默认值：

```sql 
-- 删除非空约束
ALTER TABLE <数据表名>
CHANGE COLUMN <字段名> <字段名> <数据类型> DEFAULT NULL;
ALTER TABLE stu CHANGE COLUMN gender gender varchar(32) DEFAULT NULL;
-- 添加非空约束
ALTER TABLE <数据表名>
CHANGE COLUMN <字段名> <数据类型> DEFAULT <默认值>;
ALTER TABLE stu CHANGE COLUMN gender gender varchar(32) DEFAULT "female";
```

### 外键约束（重要）⭐

外键约束经常和主键约束一起使用，用来确保数据的一致性。

外键约束（FOREIGN KEY）是表的一个特殊字段，经常与主键约束一起使用。对于两个具有关联关系的表而言，相关联字段中主键所在的表就是主表（父表），外键所在的表就是从表（子表）。

外键用来建立主表与从表的关联关系，为两个表的数据建立连接，约束两个表中数据的一致性和完整性。主表删除某条记录时，从表中与之对应的记录也必须有相应的改变。一个表可以有一个或多个外键，外键可以为空值，若不为空值，则每一个外键的值必须等于主表中主键的某个值。

比如上面的书籍管理案例，若删除一个清华出版社记录，没有任何影响，但是，书籍表中pub_id = 1 的记录出版社字段就没有意义了。

> 定义外键时，需要遵守下列规则：
>
> - 主表必须已经存在于数据库中，或者是当前正在创建的表。如果是后一种情况，则主表与从表是同一个表，这样的表称为自参照表，这种结构称为自参照完整性。
> - 必须为主表定义主键。
> - 主键不能包含空值，但允许在外键中出现空值。也就是说，只要外键的每个非空值出现在指定的主键中，这个外键的内容就是正确的。
> - 在主表的表名后面指定列名或列名的组合。这个列或列的组合必须是主表的主键或候选键。
> - 外键中列的数目必须和主表的主键中列的数目相同。
> - 外键中列的数据类型必须和主表主键中对应列的数据类型相同（非常重要）。

#### 创建表时设置外键约束

````sql 
[CONSTRAINT <外键名>] FOREIGN KEY 字段名 [，字段名2，…]
REFERENCES <主表名> 主键列1 [，主键列2，…]
````

例如：

```sql 
-- 书籍表
CREATE TABLE book(
id INT PRIMARY KEY AUTO_INCREMENT,
title VARCHAR(32),
price DOUBLE(5,2),    
pub_id INT NOT NULL,
FOREIGN KEY(pub_id) REFERENCES publisher(id) ON DELETE CASCADE ON UPDATE CASCADE -- 建立外键约束    
)ENGINE=INNODB CHARSET=utf8;


-- 出版社表
CREATE TABLE publisher(
id INT PRIMARY KEY AUTO_INCREMENT,
name VARCHAR(32),
email VARCHAR(32),
addr VARCHAR(32)
)ENGINE=INNODB CHARSET=utf8;

-- 作者表
CREATE TABLE author(
id INT PRIMARY KEY AUTO_INCREMENT,
NAME VARCHAR(32) NOT NULL
)ENGINE=INNODB CHARSET=utf8;

-- 作者表和书籍表的多对多关系表
CREATE TABLE book2author(
id INT NOT NULL UNIQUE AUTO_INCREMENT,
author_id INT NOT NULL,
book_id INT NOT NULL,
FOREIGN KEY(author_id) REFERENCES author(id) ON UPDATE CASCADE ON DELETE CASCADE, -- 建立外键约束
FOREIGN KEY(book_id) REFERENCES book(id) ON UPDATE CASCADE ON DELETE CASCADE     -- 建立外键约束
)ENGINE=INNODB CHARSET=utf8;


```

#### 添加删除外键约束

````sql 
-- 添加外键约束
ALTER TABLE <数据表名> ADD CONSTRAINT <外键名>
FOREIGN KEY(<列名>) REFERENCES <主表名> (<列名>);

-- 删除外键约束
ALTER TABLE <表名> DROP FOREIGN KEY <外键约束名>;
drop index 外键约束名 on<表名>; -- 同时将索引删除 
````

```sql 
ALTER TABLE book ADD CONSTRAINT dep_fk
FOREIGN KEY(pub_id) REFERENCES publisher(id) ON DELETE CASCADE;
show create table book;
-- 尝试删除一个出版社记录
DELETE FROM publisher WHERE id=1;
/*
ERROR 1451 (23000): Cannot delete or update a parent row: a foreign key constraint fails (`yuan`.`book`, CONSTRAINT `dep_fk` FOREIGN KEY (`pub_id`) REFERENCES `publisher` (`id`)) */
-- 删除外键约束
ALTER TABLE book DROP FOREIGN KEY dep_fk;
show index from book;
drop index dep_fk on book;
show create table book;

ALTER TABLE book ADD CONSTRAINT dep_fk FOREIGN KEY(pub_id) REFERENCES publisher(id) ON DELETE CASCADE; 


--  再次尝试删除一个出版社记录，此时就是级联删除了，所有book表中关联publisher表中id=1的记录都会级联删除
DELETE FROM publisher WHERE id=1;
select * from book;
```

#### INNODB支持的ON语句

外键约束对子表的含义: 如果在主表中(比如dep)找不到候选键,则不允许在子表(比如emp)上进行insert/update

外键约束对父表的含义: 在主表上进行update/delete以更新或删除在子表中有一条或多条应匹配行的候选键时,父表的行为取决于：在定义子表的外键时指定的 -- on update/on delete子句

```sql 
FOREIGN KEY () REFERENCES () ON DELETE CASCADE;
```

```sql 
-- (1) cascade
cascade方式 在父表上update/delete记录时，同步update/delete掉子表的匹配记录外键的级联删除：如果父表中的记录被删除，则子表中对应的记录自动被删除

-- (2) cascade     
set null方式 在父表上update/delete记录时，将子表上匹配记录的列设为null ; 要注意子表的外键列不能为not null

-- (3) Restrict
Restrict方式 :拒绝对父表进行删除更新操作(了解)

-- (4) No action
No action方式 在mysql中同Restrict,如果子表中有匹配的记录,则不允许对父表对应候选键 ; 进行update/delete操作（了解）
```
